{
  "camera": [
    {
      "serial": "215122255078",
      "trafo": [
        [
          0.9982719346131126,
          -0.014794775046713896,
          -0.056870547694828744,
          0.03894209181601249
        ],
        [
          -0.018391640573880295,
          -0.9978280617400719,
          -0.06325272137269533,
          1.0453077987845374
        ],
        [
          -0.055811218592626055,
          0.06418935920670779,
          -0.9963758497895452,
          1.8533837414992975
        ],
        [
          0.0,
          0.0,
          0.0,
          1.0
        ]
      ],
      "type": "realsense"
    }
  ],
  "postprocessing": {
    "depthfilterparameters": {
      "decimation_value": 1,
      "do_decimation": false,
      "do_spatial": true,
      "do_temporal": false,
      "do_threshold": true,
      "spatial_alpha": 0.5,
      "spatial_delta": 30,
      "spatial_filling": 0,
      "spatial_iterations": 2,
      "temporal_alpha": 0.4,
      "temporal_delta": 20,
      "temporal_percistency": 3,
      "threshold_far": 2.5,
      "threshold_near": 1.5
    },
    "greenscreenremoval": false,
    "height_max": 2.2,
    "height_min": 0.01
  },
  "system": {
    "backlight_compensation": -1,
    "density_preferred": false,
    "exposure": -1,
    "laser_power": 360,
    "usb2allowed": false,
    "usb2fps": 30,
    "usb2height": 480,
    "usb2width": 848,
    "usb3fps": 30,
    "usb3height": 480,
    "usb3width": 848,
    "whitebalance": -1
  },
  "type": "realsense",
  "version": 3
}